,Close
0,40.91
1,40.97
2,41.53
3,43.21
4,43.42
5,42.98
6,41.87
7,40.89
8,39.9
9,40.11
10,35.18
11,34.33
12,33.74
13,34.17
14,34.87
15,34.49
16,35.17
17,35.09
18,35.05
19,34.38
20,35.0
21,34.25
22,33.54
23,32.92
24,33.02
25,33.0
26,32.5
27,32.51
28,32.04
29,32.72
30,33.02
31,32.75
32,32.76
33,32.39
34,33.16
35,33.15
36,33.01
37,32.74
38,32.06
39,32.18
40,31.7
41,31.45
42,31.57
43,31.43
44,30.99
45,30.28
46,30.58
47,30.15
48,30.99
49,30.53
50,30.13
51,30.07
52,30.44
53,30.11
54,30.75
55,31.83
56,31.77
57,31.45
58,32.39
59,32.56
60,32.42
61,32.26
62,31.89
63,32.1
64,32.11
65,32.79
66,32.27
67,32.55
68,31.39
69,31.1
70,31.13
71,30.97
72,31.3
73,33.54
74,33.37
75,32.89
76,33.01
77,31.99
78,33.0
79,33.2
80,32.78
81,32.08
82,31.85
83,32.17
84,32.19
85,32.66
86,32.87
87,32.49
88,32.09
89,30.99
90,30.81
91,31.03
92,30.97
93,30.11
94,29.0
95,29.53
96,30.46
97,30.76
98,31.79
99,32.92
100,33.02
101,32.0
102,31.59
103,31.99
104,31.52
105,30.82
106,30.7
107,30.54
108,30.45
109,30.37
110,29.78
111,29.65
112,29.62
113,30.79
114,30.36
115,30.35
116,30.6
117,31.06
118,30.68
119,31.37
120,31.55
121,31.51
122,31.92
123,32.97
124,33.0
125,33.3
126,32.47
127,33.11
128,32.5
129,32.85
130,33.17
131,33.38
132,32.23
133,32.08
134,31.84
135,32.24
136,25.2
137,25.27
138,25.89
139,26.94
140,26.95
141,27.08
142,26.7
143,27.47
144,27.14
145,26.94
146,26.63
147,26.9
148,26.99
149,27.08
150,27.44
151,27.22
152,27.49
153,27.5
154,27.26
155,28.17
156,28.39
157,28.91
158,29.78
159,28.9
160,29.26
161,28.7
162,28.99
163,28.77
164,28.91
165,28.96
166,29.02
167,28.83
168,29.49
169,29.07
170,28.5
171,27.86
172,28.14
173,28.61
174,29.09
175,29.17
176,29.03
177,29.32
178,29.0
179,25.75
180,25.64
181,25.34
182,25.52
183,25.29
184,25.05
185,24.65
186,25.33
187,25.28
188,24.88
189,24.84
190,25.21
191,25.18
192,25.47
193,25.03
194,24.47
195,24.24
196,24.12
197,24.42
198,24.18
199,24.15
200,22.99
201,23.14
202,23.21
203,23.37
204,23.53
205,24.49
206,25.28
207,25.34
208,25.95
209,26.34
210,25.99
211,26.53
212,26.18
213,26.59
214,26.61
215,26.9
216,27.45
217,27.39
218,27.4
219,27.24
220,27.15
221,26.64
222,26.91
223,26.72
224,27.14
225,28.49
226,28.03
227,27.27
228,27.0
229,27.04
230,27.01
231,26.49
232,26.89
233,27.43
234,26.86
235,26.63
236,26.34
237,26.49
238,26.75
239,26.6
240,26.87
241,26.9
242,26.3
243,26.41
244,25.59
245,25.48
246,25.55
247,25.45
248,25.75
249,25.36
250,25.54
251,25.61
252,26.85
253,27.74
254,27.92
255,27.58
256,28.7
257,29.2
258,29.45
259,29.29
260,29.05
261,28.12
262,27.64
263,27.42
264,26.96
265,28.94
266,28.21
267,28.04
268,27.87
269,28.04
270,28.31
271,28.35
272,28.77
273,28.56
274,29.35
275,29.89
276,30.08
277,29.74
278,29.17
279,29.56
280,30.66
281,31.25
282,31.91
283,32.01
284,31.65
285,31.6
286,32.1
287,32.12
288,30.95
289,30.86
290,30.86
291,30.42
292,30.31
293,30.8
294,30.39
295,30.71
296,29.12
297,29.99
298,29.56
299,29.86
300,30.06
301,29.88
302,30.03
303,30.33
304,31.29
305,31.26
306,31.36
307,31.66
308,31.55
309,31.41
310,31.34
311,31.29
312,31.28
313,31.72
314,31.62
315,31.96
316,31.64
317,31.69
318,31.17
319,31.21
320,31.41
321,31.61
322,32.09
323,28.31
324,27.51
325,27.46
326,27.88
327,28.02
328,28.06
329,28.49
330,28.34
331,28.04
332,27.73
333,28.12
334,28.18
335,30.98
336,30.38
337,30.41
338,30.22
339,29.7
340,30.05
341,29.31
342,28.81
343,29.21
344,28.57
345,29.75
346,29.35
347,28.92
348,28.61
349,28.41
350,28.58
351,28.4
352,28.38
353,28.7
354,28.78
355,28.59
356,28.23
357,27.44
358,26.98
359,27.39
360,27.35
361,27.05
362,27.38
363,27.3
364,27.31
365,28.12
366,27.63
367,27.66
368,27.67
369,27.38
370,27.64
371,27.71
372,27.58
373,27.25
374,27.13
375,26.86
376,27.0
377,26.99
378,27.1
379,27.2
380,26.97
381,26.69
382,26.96
383,26.58
384,26.7
385,27.53
386,26.2
387,26.03
388,25.35
389,24.99
390,24.84
391,24.68
392,24.03
393,23.49
394,23.62
395,23.25
396,23.25
397,23.36
398,22.92
399,22.97
400,23.44
401,23.87
402,23.8
403,23.94
404,24.57
405,23.72
406,23.32
407,22.76
408,23.54
409,23.34
410,23.04
411,23.23
412,23.13
413,23.59
414,23.03
415,22.52
416,22.55
417,22.61
418,22.73
419,23.97
420,24.1
421,24.15
422,23.76
423,23.3
424,23.71
425,23.56
426,23.72
427,24.73
428,24.95
429,25.06
430,25.29
431,25.29
432,26.05
433,25.73
434,26.51
435,26.7
436,26.27
437,26.84
438,27.04
439,26.95
440,27.17
441,27.15
442,27.88
443,28.05
444,28.37
445,28.36
446,27.65
447,28.48
448,27.86
449,26.69
450,28.82
451,29.35
452,29.03
453,29.85
454,30.64
455,30.68
456,31.34
457,33.63
458,31.79
459,30.83
460,31.1
461,30.22
462,31.11
463,31.36
464,29.93
465,27.63
466,26.7
467,25.79
468,24.78
469,26.1
470,25.07
471,25.42
472,26.82
473,26.76
474,26.72
475,25.71
476,26.13
477,25.22
478,25.59
479,26.2
480,26.63
481,26.81
482,26.61
483,26.42
484,25.98
485,25.96
486,25.63
487,25.2
488,24.47
489,24.54
490,24.38
491,24.06
492,23.04
493,23.02
494,23.31
495,23.64
496,24.01
497,24.05
498,23.96
499,23.71
500,23.45
501,23.26
502,23.72
503,23.84
504,23.16
505,23.18
506,22.61
507,22.56
508,24.09
509,23.36
510,23.7
511,22.91
512,21.95
513,21.22
514,20.78
515,19.92
516,20.01
517,21.69
518,21.94
519,20.78
520,20.81
521,19.05
522,19.18
523,28.38
524,29.33
525,28.98
526,28.57
527,29.04
528,29.2
529,29.87
530,29.57
531,29.88
532,29.98
533,29.66
534,29.01
535,28.83
536,28.42
537,28.42
538,28.13
539,28.22
540,28.37
541,28.15
542,27.78
543,27.77
544,28.06
545,28.67
546,28.7
547,29.03
548,28.51
549,29.0
550,28.45
551,27.5
552,26.71
553,25.85
554,27.66
555,27.07
556,27.66
557,27.52
558,28.73
559,28.49
560,28.09
561,28.99
562,28.93
563,28.5
564,27.82
565,28.13
566,28.36
567,27.7
568,27.7
569,27.77
570,28.59
571,28.34
572,27.8
573,28.17
574,28.31
575,28.03
576,28.43
577,28.55
578,28.54
579,28.08
580,27.3
581,26.8
582,26.43
583,27.36
584,27.41
585,26.81
586,28.67
587,24.37
588,25.72
589,25.64
590,26.22
591,25.93
592,25.26
593,26.56
594,27.14
595,27.75
596,27.66
597,27.68
598,27.48
599,27.33
600,27.53
601,27.72
602,27.0
603,27.16
604,27.07
605,26.76
606,26.4
607,26.15
608,26.85
609,26.36
610,26.44
611,26.58
612,26.4
613,26.15
614,23.52
615,23.47
616,23.54
617,23.25
618,22.91
619,22.73
620,21.99
621,21.45
622,22.04
623,22.01
624,21.37
625,21.33
626,20.66
627,20.2
628,20.88
629,21.35
630,23.91
631,24.64
632,23.82
633,23.5
634,23.57
635,22.57
636,21.54
637,22.48
638,22.44
639,22.45
640,21.67
641,21.4
642,20.39
643,20.53
644,21.13
645,20.12
646,20.15
647,20.03
648,19.89
649,19.8
650,19.38
651,19.82
652,20.0
653,20.19
654,19.9
655,20.26
656,20.43
657,20.36
658,20.28
659,20.44
660,19.73
661,19.42
662,19.17
663,19.11
664,19.53
665,19.09
666,19.09
667,19.37
668,19.65
669,19.38
670,18.75
671,18.76
672,17.75
673,18.08
674,18.26
675,17.58
676,17.7
677,18.55
678,19.08
679,18.85
680,19.26
681,18.82
682,20.82
683,19.89
684,18.68
685,18.93
686,19.15
687,19.2
688,18.92
689,16.88
690,17.3
691,16.96
692,15.58
693,16.0
694,15.31
695,14.58
696,13.76
697,12.65
698,12.29
699,13.49
700,12.65
701,11.75
702,12.99
703,12.9
704,12.86
705,12.07
706,12.39
707,12.65
708,12.1
709,11.58
710,12.36
711,12.14
712,12.93
713,12.82
714,12.75
715,13.35
716,13.92
717,13.96
718,12.2
719,11.87
720,11.35
721,10.34
722,11.15
723,10.82
724,10.63
725,11.55
726,9.14
727,8.95
728,9.39
729,10.21
730,10.07
731,10.58
732,11.51
733,10.74
734,11.5
735,11.5
736,11.05
737,11.66
738,12.2
739,12.19
740,13.4
741,12.73
742,13.15
743,12.73
744,13.36
745,13.11
746,12.72
747,13.03
748,12.35
749,12.42
750,12.32
751,12.34
752,11.88
753,11.97
754,12.2
755,12.85
756,12.86
757,13.0
758,12.71
759,13.07
760,13.13
761,12.22
762,12.1
763,12.41
764,11.61
765,11.59
766,11.01
767,11.59
768,11.28
769,11.32
770,11.17
771,11.34
772,12.24
773,11.74
774,11.73
775,12.15
776,12.68
777,13.0
778,13.51
779,13.63
780,13.9
781,12.75
782,12.63
783,12.66
784,12.84
785,12.02
786,12.22
787,11.98
788,12.14
789,11.97
790,12.75
791,12.48
792,12.98
793,13.23
794,12.58
795,12.5
796,13.16
797,12.53
798,13.05
799,12.66
800,13.23
801,13.39
802,13.6
803,13.51
804,13.22
805,13.99
806,13.42
807,13.74
808,13.6
809,14.09
810,13.61
811,13.55
812,13.35
813,13.18
814,12.7
815,12.81
816,12.75
817,12.95
818,13.34
819,13.23
820,12.81
821,12.92
822,13.47
823,14.42
824,14.07
825,14.02
826,14.43
827,14.39
828,13.66
829,14.38
830,14.48
831,14.55
832,14.73
833,13.89
834,13.64
835,14.02
836,14.29
837,14.14
838,14.18
839,14.74
840,14.85
841,14.8
842,15.15
843,15.54
844,15.1
845,14.52
846,14.76
847,14.91
848,15.17
849,15.18
850,14.96
851,14.87
852,14.98
853,15.28
854,14.94
855,15.09
856,15.84
857,16.58
858,16.62
859,16.3
860,16.65
861,16.64
862,16.19
863,16.4
864,16.32
865,16.19
866,16.4
867,16.4
868,15.96
869,15.6
870,15.34
871,15.8
872,14.71
873,14.68
874,15.45
875,15.53
876,15.74
877,15.9
878,15.66
879,15.41
880,14.99
881,14.91
882,14.44
883,14.38
884,14.55
885,14.93
886,15.01
887,15.18
888,15.71
889,16.19
890,16.84
891,17.01
892,16.75
893,17.37
894,17.36
895,17.48
896,17.0
897,17.22
898,15.14
899,14.6
900,14.32
901,14.34
902,14.51
903,14.67
904,14.74
905,14.62
906,14.63
907,14.46
908,14.68
909,15.04
910,15.04
911,14.56
912,14.75
913,14.79
914,14.77
915,14.79
916,14.99
917,15.07
918,14.93
919,14.93
920,14.85
921,14.61
922,14.18
923,14.23
924,14.28
925,14.5
926,14.49
927,14.78
928,15.45
929,15.59
930,15.57
931,16.41
932,16.99
933,17.5
934,17.39
935,17.04
936,16.86
937,17.21
938,16.89
939,17.08
940,17.47
941,17.45
942,17.81
943,17.39
944,16.84
945,16.8
946,17.3
947,17.49
948,17.58
949,16.87
950,16.75
951,16.88
952,16.95
953,16.52
954,16.81
955,17.22
956,17.17
957,17.66
958,17.67
959,17.22
960,16.87
961,16.69
962,16.04
963,16.13
964,15.9
965,15.85
966,15.7
967,15.69
968,15.9
969,15.94
970,16.02
971,16.04
972,16.09
973,16.0
974,15.93
975,16.07
976,16.05
977,15.98
978,15.61
979,15.38
980,15.45
981,15.24
982,15.3
983,15.0
984,14.97
985,15.13
986,15.31
987,15.11
988,15.19
989,15.45
990,15.45
991,15.18
992,15.49
993,15.74
994,15.81
995,15.74
996,15.79
997,15.82
998,16.14
999,15.88
1000,15.98
1001,16.67
1002,16.72
1003,16.88
1004,16.92
1005,16.98
1006,16.78
1007,17.1
1008,17.23
1009,17.17
1010,16.7
1011,16.7
1012,16.74
1013,16.68
1014,16.9
1015,17.12
1016,16.82
1017,16.75
1018,16.38
1019,16.2
1020,15.88
1021,15.86
1022,15.99
1023,15.98
1024,15.44
1025,15.01
1026,15.05
1027,15.17
1028,15.46
1029,15.01
1030,15.19
1031,14.99
1032,15.07
1033,14.8
1034,15.22
1035,15.17
1036,15.41
1037,15.44
1038,15.54
1039,15.58
1040,15.49
1041,15.38
1042,15.59
1043,15.24
1044,15.31
1045,15.79
1046,15.73
1047,15.57
1048,15.81
1049,16.06
1050,16.52
1051,16.53
1052,16.79
1053,16.53
1054,16.32
1055,16.46
1056,16.36
1057,16.5
1058,16.56
1059,16.44
1060,16.34
1061,16.03
1062,16.09
1063,16.32
1064,16.54
1065,16.56
1066,16.61
1067,16.53
1068,16.51
1069,16.92
1070,16.87
1071,17.35
1072,17.52
1073,17.64
1074,18.18
1075,18.38
1076,18.97
1077,18.17
1078,18.39
1079,18.38
1080,17.45
1081,17.72
1082,17.64
1083,17.39
1084,16.92
1085,16.75
1086,16.97
1087,16.53
1088,16.95
1089,16.32
1090,16.49
1091,15.92
1092,15.29
1093,16.33
1094,16.41
1095,16.47
1096,16.14
1097,16.39
1098,16.27
1099,16.03
1100,15.79
1101,15.1
1102,15.48
1103,15.54
1104,15.31
1105,15.45
1106,15.69
1107,15.34
1108,15.02
1109,15.18
1110,15.43
1111,15.0
1112,14.94
1113,14.79
1114,14.69
1115,15.1
1116,15.29
1117,15.17
1118,15.65
1119,15.49
1120,15.6
1121,15.54
1122,15.21
1123,15.09
1124,15.23
1125,14.83
1126,14.81
1127,14.73
1128,14.04
1129,13.84
1130,14.09
1131,14.07
1132,14.13
1133,14.4
1134,14.6
1135,14.89
1136,14.94
1137,15.52
1138,15.37
1139,15.37
1140,14.9
1141,15.1
1142,15.2
1143,13.91
1144,13.88
1145,13.99
1146,14.15
1147,13.95
1148,13.87
1149,13.76
1150,13.88
1151,14.0
1152,13.94
1153,14.18
1154,14.16
1155,14.34
1156,14.4
1157,14.35
1158,13.87
1159,13.85
1160,13.83
1161,13.79
1162,13.94
1163,13.99
1164,13.85
1165,13.79
1166,13.65
1167,13.4
1168,13.26
1169,13.21
1170,13.43
1171,13.18
1172,13.11
1173,13.37
1174,13.51
1175,13.62
1176,13.53
1177,13.75
1178,13.65
1179,13.68
1180,13.73
1181,13.63
1182,14.27
1183,14.19
1184,13.89
1185,13.86
1186,14.18
1187,14.04
1188,14.17
1189,14.5
1190,14.28
1191,14.39
1192,14.34
1193,14.17
1194,14.27
1195,14.28
1196,14.61
1197,14.52
1198,14.23
1199,14.49
1200,14.41
1201,14.43
1202,15.25
1203,15.93
1204,16.25
1205,15.92
1206,15.49
1207,15.8
1208,15.97
1209,16.3
1210,16.4
1211,16.46
1212,16.42
1213,16.4
1214,16.49
1215,16.15
1216,16.19
1217,16.17
1218,16.2
1219,16.26
1220,16.44
1221,16.97
1222,16.94
1223,16.8
1224,16.55
1225,16.6
1226,16.24
1227,16.15
1228,16.99
1229,16.57
1230,16.56
1231,16.19
1232,16.41
1233,16.22
1234,16.38
1235,15.82
1236,16.15
1237,16.33
1238,16.35
1239,16.33
1240,16.94
1241,17.02
1242,16.95
1243,17.01
1244,16.7
1245,16.63
1246,16.45
1247,16.51
1248,16.38
1249,16.28
1250,16.6
1251,16.63
1252,16.72
1253,16.48
1254,16.43
1255,16.61
1256,16.76
1257,16.63
1258,16.75
1259,16.59
1260,16.91
1261,17.06
1262,16.9
1263,16.6
1264,16.58
1265,16.65
1266,16.75
1267,16.81
1268,16.5
1269,16.31
1270,16.23
1271,15.96
1272,16.09
1273,16.02
1274,15.57
1275,16.2
1276,15.83
1277,16.12
1278,16.38
1279,16.57
1280,16.69
1281,16.78
1282,16.8
1283,16.6
1284,16.43
1285,16.62
1286,16.85
1287,16.89
1288,17.2
1289,17.76
1290,17.77
1291,17.66
1292,16.9
1293,16.58
1294,16.37
1295,16.5
1296,16.4
1297,16.1
1298,16.63
1299,16.86
1300,17.08
1301,16.7
1302,16.94
1303,17.65
1304,17.06
1305,17.42
1306,17.31
1307,16.33
1308,15.91
1309,15.86
1310,16.03
1311,16.29
1312,16.36
1313,16.13
1314,16.83
1315,16.96
1316,16.58
1317,16.75
1318,16.74
1319,16.68
1320,16.84
1321,16.87
1322,17.11
1323,17.05
1324,17.0
1325,16.77
1326,16.59
1327,16.36
1328,16.64
1329,16.69
1330,16.62
1331,16.34
1332,16.12
1333,16.87
1334,16.85
1335,17.11
1336,17.28
1337,17.26
1338,17.51
1339,17.7
1340,18.14
1341,17.92
1342,18.2
1343,18.43
1344,18.65
1345,18.56
1346,18.55
1347,17.2
1348,17.17
1349,16.55
1350,15.81
1351,16.0
1352,15.96
1353,16.35
1354,16.3
1355,16.06
1356,16.14
1357,16.15
1358,15.98
1359,16.02
1360,16.55
1361,15.84
1362,16.02
1363,15.68
1364,15.45
1365,15.44
1366,15.1
1367,15.22
1368,15.2
1369,15.16
1370,15.2
1371,14.81
1372,14.78
1373,14.7
1374,14.99
1375,15.35
1376,15.22
1377,15.08
1378,14.88
1379,14.88
1380,14.95
1381,14.89
1382,15.04
1383,15.45
1384,15.49
1385,15.72
1386,15.81
1387,15.61
1388,15.05
1389,14.86
1390,14.91
1391,14.63
1392,14.69
1393,14.42
1394,14.59
1395,13.48
1396,13.59
1397,13.98
1398,13.69
1399,13.94
1400,13.58
1401,13.5
1402,13.1
1403,13.1
1404,12.85
1405,13.02
1406,12.0
1407,11.74
1408,11.09
1409,12.08
1410,11.77
1411,12.86
1412,13.58
1413,13.46
1414,13.48
1415,13.47
1416,12.96
1417,12.92
1418,12.84
1419,13.35
1420,13.15
1421,12.87
1422,12.74
1423,13.68
1424,13.84
1425,13.61
1426,13.35
1427,12.87
1428,12.91
1429,13.61
1430,14.44
1431,14.48
1432,14.26
1433,14.26
1434,14.55
1435,14.89
1436,14.97
1437,14.61
1438,14.36
1439,13.96
1440,13.99
1441,14.71
1442,14.75
1443,14.54
1444,14.19
1445,13.42
1446,13.17
1447,13.53
1448,14.46
1449,15.92
1450,15.65
1451,15.47
1452,15.84
1453,15.86
1454,15.77
1455,15.93
1456,15.91
1457,15.7
1458,15.47
1459,15.94
1460,16.18
1461,16.12
1462,16.71
1463,16.24
1464,16.3
1465,16.63
1466,16.56
1467,15.64
1468,14.93
1469,15.1
1470,15.48
1471,15.24
1472,15.69
1473,15.97
1474,15.92
1475,15.95
1476,16.27
1477,16.0
1478,15.93
1479,15.72
1480,15.34
1481,15.38
1482,14.99
1483,14.97
1484,14.94
1485,15.1
1486,15.35
1487,15.7
1488,15.71
1489,16.23
1490,16.05
1491,15.89
1492,15.84
1493,15.62
1494,15.61
1495,15.94
1496,15.47
1497,15.42
1498,15.02
1499,15.16
1500,14.96
1501,14.62
1502,15.11
1503,15.99
1504,16.0
1505,16.19
1506,16.09
1507,15.78
1508,16.13
1509,16.13
1510,16.28
1511,15.78
1512,15.64
1513,15.52
1514,15.46
1515,15.51
1516,15.53
1517,15.66
1518,15.48
1519,15.43
1520,15.92
1521,16.12
1522,15.96
1523,15.68
1524,15.69
1525,15.56
1526,15.53
1527,15.74
1528,15.55
1529,15.47
1530,15.73
1531,15.72
1532,15.92
1533,15.82
1534,15.83
1535,15.78
1536,16.0
1537,16.14
1538,16.12
1539,15.36
1540,15.12
1541,15.36
1542,15.01
1543,14.75
1544,14.5
1545,14.78
1546,14.89
1547,14.86
1548,14.9
1549,14.83
1550,14.93
1551,14.72
1552,14.62
1553,14.42
1554,14.62
1555,14.62
1556,14.63
1557,14.49
1558,14.55
1559,14.63
1560,14.88
1561,15.18
1562,15.15
1563,15.41
1564,15.51
1565,15.48
1566,15.38
1567,15.54
1568,15.43
1569,15.32
1570,15.3
1571,15.22
1572,15.46
1573,15.18
1574,15.27
1575,15.06
1576,15.1
1577,14.99
1578,14.88
1579,15.06
1580,14.87
1581,14.78
1582,15.01
1583,15.49
1584,15.4
1585,15.6
1586,15.33
1587,15.43
1588,15.5
1589,15.53
1590,15.57
1591,15.54
1592,15.63
1593,15.67
1594,15.4
1595,15.15
1596,15.35
1597,15.36
1598,15.3
1599,15.44
1600,15.19
1601,15.5
1602,15.4
1603,15.28
1604,14.87
1605,15.42
1606,15.58
1607,15.29
1608,15.38
1609,15.35
1610,15.36
1611,15.47
1612,15.25
1613,15.24
1614,14.92
1615,15.01
1616,15.1
1617,15.36
1618,15.36
1619,15.65
1620,15.3
1621,15.47
1622,15.34
1623,15.36
1624,15.36
1625,15.49
1626,15.65
1627,15.74
1628,15.52
1629,15.61
1630,15.44
1631,15.34
1632,15.52
1633,15.45
1634,15.83
1635,15.84
1636,15.98
1637,15.85
1638,15.78
1639,15.75
1640,15.82
1641,15.8
1642,15.69
1643,15.74
1644,15.64
1645,15.6
1646,15.7
1647,15.72
1648,15.92
1649,15.76
1650,15.43
1651,15.5
1652,15.8
1653,16.11
1654,15.98
1655,15.84
1656,15.99
1657,15.74
1658,15.97
1659,16.04
1660,16.22
1661,16.17
1662,16.01
1663,15.15
1664,15.02
1665,14.73
1666,14.76
1667,14.99
1668,15.03
1669,14.96
1670,14.97
1671,14.92
1672,14.86
1673,14.92
1674,14.85
1675,14.72
1676,14.84
1677,14.67
1678,14.65
1679,14.89
1680,15.09
1681,15.11
1682,15.22
1683,15.11
1684,15.16
1685,15.4
1686,15.6
1687,15.77
1688,15.68
1689,15.9
1690,15.86
1691,15.79
1692,15.74
1693,16.0
1694,15.68
1695,15.61
1696,16.04
1697,15.98
1698,15.82
1699,15.94
1700,16.21
1701,16.27
1702,16.09
1703,16.03
1704,15.85
1705,15.83
1706,15.92
1707,15.88
1708,15.68
1709,15.92
1710,16.09
1711,16.0
1712,15.84
1713,15.77
1714,16.67
1715,16.55
1716,16.61
1717,16.79
1718,16.84
1719,16.95
1720,17.11
1721,17.37
1722,17.46
1723,17.39
1724,17.24
1725,17.26
1726,17.51
1727,17.85
1728,17.82
1729,17.89
1730,17.86
1731,18.36
1732,18.24
1733,18.4
1734,18.57
1735,18.76
1736,18.93
1737,18.91
1738,18.87
1739,18.77
1740,18.55
1741,18.93
1742,18.89
1743,19.2
1744,19.2
1745,19.43
1746,19.52
1747,19.38
1748,19.35
1749,19.64
1750,19.69
1751,19.62
1752,19.6
1753,19.69
1754,19.35
1755,19.65
1756,19.57
1757,19.6
1758,19.5
1759,19.9
1760,20.08
1761,19.78
1762,19.86
1763,19.4
1764,19.66
1765,19.33
1766,18.99
1767,19.29
1768,19.43
1769,19.52
1770,20.07
1771,20.13
1772,20.02
1773,19.9
1774,20.11
1775,20.44
1776,20.37
1777,20.31
1778,19.7
1779,20.12
1780,19.63
1781,19.76
1782,19.34
1783,19.66
1784,19.85
1785,20.32
1786,20.5
1787,20.9
1788,21.21
1789,21.15
1790,21.18
1791,21.02
1792,21.29
1793,20.92
1794,20.83
1795,21.22
1796,20.73
1797,20.76
1798,21.16
1799,21.3
1800,21.94
1801,22.7
1802,22.95
1803,22.8
1804,22.7
1805,22.9
1806,22.6
1807,22.4
1808,22.34
1809,22.43
1810,22.07
1811,22.01
1812,22.17
1813,22.1
1814,22.86
1815,23.26
1816,23.38
1817,23.59
1818,23.59
1819,23.53
1820,23.5
1821,23.78
1822,23.38
1823,23.52
1824,23.3
1825,23.48
1826,23.83
1827,24.2
1828,24.48
1829,24.69
1830,23.98
1831,23.79
1832,23.7
1833,23.26
1834,23.47
1835,23.95
1836,24.38
1837,24.75
1838,25.2
1839,24.68
1840,24.43
1841,24.73
1842,24.3
1843,24.97
1844,25.07
1845,25.17
1846,26.07
1847,26.41
1848,26.24
1849,26.83
1850,26.39
1851,26.64
1852,27.34
1853,26.58
1854,26.52
1855,26.58
1856,27.0
1857,26.54
1858,26.02
1859,26.33
1860,26.07
1861,25.81
1862,26.33
1863,26.3
1864,26.39
1865,26.26
1866,25.75
1867,26.21
1868,27.04
1869,26.74
1870,26.4
1871,25.89
1872,26.37
1873,26.28
1874,26.54
1875,26.66
1876,26.24
1877,25.35
1878,25.19
1879,24.06
1880,24.96
1881,25.28
1882,25.47
1883,25.13
1884,25.24
1885,24.99
1886,25.59
1887,25.68
1888,25.52
1889,26.68
1890,26.56
1891,27.04
1892,27.23
1893,27.34
1894,26.88
1895,29.66
1896,29.66
1897,29.11
1898,27.86
1899,27.36
1900,27.84
1901,28.27
1902,28.11
1903,27.93
1904,28.05
1905,28.09
1906,27.96
1907,27.65
1908,27.67
1909,27.32
1910,27.39
1911,27.48
1912,27.68
1913,28.35
1914,28.34
1915,28.05
1916,27.14
1917,27.32
1918,26.91
1919,27.12
1920,27.06
1921,27.9
1922,27.99
1923,27.7
1924,27.0
1925,27.11
1926,27.3
1927,27.12
1928,27.78
1929,28.07
1930,28.23
1931,28.17
1932,29.24
1933,29.48
1934,29.19
1935,29.65
1936,29.26
1937,29.62
1938,30.0
1939,30.44
1940,31.03
1941,30.92
1942,30.26
1943,31.27
1944,31.34
1945,32.75
1946,33.55
1947,33.17
1948,34.31
1949,34.14
1950,33.88
1951,34.89
1952,34.14
1953,32.93
1954,33.01
1955,33.87
1956,34.15
1957,34.0
1958,33.38
1959,33.09
1960,32.74
1961,33.43
1962,34.06
1963,33.94
1964,33.1
1965,33.08
1966,32.25
1967,32.35
1968,33.17
1969,32.57
1970,32.94
1971,33.18
1972,33.19
1973,32.97
1974,32.88
1975,32.11
1976,33.12
1977,33.82
1978,34.07
1979,35.1
1980,35.69
1981,35.47
1982,34.98
1983,34.63
1984,35.62
1985,36.3
1986,36.49
1987,36.29
1988,36.64
1989,36.96
1990,36.98
1991,37.01
1992,36.56
1993,38.13
1994,38.87
1995,38.86
1996,38.87
1997,40.22
1998,39.16
1999,39.35
2000,39.73
2001,39.73
2002,39.51
2003,40.04
2004,40.2
2005,40.12
2006,40.77
2007,40.85
2008,40.65
2009,40.49
2010,40.2
2011,40.44
2012,39.59
2013,40.12
2014,39.93
2015,40.92
2016,41.02
2017,40.92
2018,41.23
2019,39.99
2020,41.14
2021,41.07
2022,40.34
2023,40.01
2024,39.52
2025,40.18
2026,39.39
2027,37.91
2028,36.65
2029,38.22
2030,34.89
2031,35.31
2032,36.01
2033,34.9
2034,35.66
2035,35.49
2036,36.24
2037,37.23
2038,37.76
2039,38.5
2040,38.11
2041,38.52
2042,38.23
2043,38.3
2044,37.81
2045,37.79
2046,37.29
2047,37.42
2048,37.26
2049,37.62
2050,38.47
2051,38.67
2052,38.25
2053,39.63
2054,39.5
2055,39.66
2056,38.7
2057,38.05
2058,37.56
2059,37.5
2060,37.23
2061,37.6
2062,39.11
2063,39.45
2064,38.61
2065,37.77
2066,37.94
2067,36.68
2068,35.93
2069,35.45
2070,35.59
2071,35.9
2072,35.9
2073,36.49
2074,36.64
2075,35.76
2076,34.26
2077,33.07
2078,33.83
2079,34.87
2080,33.4
2081,32.87
2082,33.44
2083,34.21
2084,36.35
2085,36.38
2086,36.4
2087,36.14
2088,35.44
2089,35.24
2090,34.48
2091,33.99
2092,35.83
2093,35.95
2094,36.51
2095,36.87
2096,36.91
2097,36.49
2098,34.07
2099,33.92
2100,33.76
2101,34.45
2102,34.4
2103,34.17
2104,33.8
2105,33.41
2106,33.89
2107,33.87
2108,34.36
2109,34.7
2110,35.02
2111,35.12
2112,34.78
2113,34.9
2114,34.65
2115,34.87
2116,34.65
2117,34.73
2118,34.94
2119,35.92
2120,36.04
2121,36.31
2122,36.63
2123,36.78
2124,36.94
2125,34.81
2126,34.43
2127,34.94
2128,34.68
2129,34.05
2130,33.64
2131,33.48
2132,33.25
2133,33.66
2134,34.25
2135,35.13
2136,35.35
2137,35.88
2138,36.14
2139,35.52
2140,34.53
2141,34.85
2142,34.93
2143,35.43
2144,35.7
2145,35.61
2146,33.79
2147,33.21
2148,33.33
2149,33.28
2150,33.6
2151,34.71
2152,36.17
2153,36.12
2154,35.9
2155,35.68
2156,36.6
2157,35.81
2158,35.62
2159,36.54
2160,35.7
2161,35.79
2162,35.66
2163,35.91
2164,35.79
2165,35.52
2166,36.19
2167,36.36
2168,36.47
2169,37.38
2170,37.83
2171,37.5
2172,37.64
2173,38.01
2174,37.71
2175,37.79
2176,38.18
2177,38.31
2178,38.51
2179,39.27
2180,38.87
2181,39.19
2182,39.59
2183,41.81
2184,40.78
2185,41.14
2186,41.26
2187,42.88
2188,42.55
2189,42.71
2190,42.59
2191,42.08
2192,40.93
2193,38.65
2194,39.05
2195,39.88
2196,38.95
2197,40.66
2198,40.52
2199,40.75
2200,40.32
2201,40.5
2202,41.03
2203,41.52
2204,40.93
2205,41.08
2206,41.1
2207,39.6
2208,38.38
2209,37.97
2210,37.82
2211,38.12
2212,38.45
2213,39.28
2214,40.18
2215,42.0
2216,42.6
2217,43.5
2218,44.7
2219,45.87
2220,45.43
2221,45.63
2222,46.05
2223,46.34
2224,47.08
2225,47.46
2226,47.93
2227,48.55
2228,49.41
2229,49.05
2230,50.6
2231,50.5
2232,51.75
2233,52.37
2234,51.75
2235,50.58
2236,51.25
2237,51.04
2238,51.83
2239,51.72
2240,51.93
2241,51.74
2242,50.1
2243,50.67
2244,50.28
2245,50.41
2246,50.99
2247,49.62
2248,50.51
2249,49.2
2250,49.94
2251,50.24
2252,49.82
2253,48.85
2254,50.12
2255,50.91
2256,50.88
2257,51.15
2258,50.02
2259,50.65
2260,50.86
2261,50.53
2262,51.22
2263,50.51
2264,50.17
2265,49.13
2266,49.21
2267,48.59
2268,50.23
2269,49.72
2270,48.8
2271,48.3
2272,47.51
2273,46.23
2274,46.47
2275,47.63
2276,48.18
2277,48.89
2278,48.95
2279,49.44
2280,47.99
2281,46.46
2282,43.73
2283,43.99
2284,44.68
2285,44.7
2286,44.04
2287,43.54
2288,42.94
2289,42.57
2290,43.07
2291,42.96
2292,43.92
2293,44.42
2294,43.53
2295,43.65
2296,44.37
2297,44.11
2298,43.53
2299,43.38
2300,44.43
2301,44.45
2302,44.28
2303,44.11
2304,42.62
2305,43.99
2306,44.16
2307,43.44
2308,42.98
2309,42.68
2310,42.5
2311,42.95
2312,42.87
2313,43.51
2314,43.78
2315,44.67
2316,44.98
2317,45.04
2318,44.72
2319,44.42
2320,44.2
2321,44.47
2322,45.1
2323,44.95
2324,44.44
2325,44.13
2326,44.15
2327,43.67
2328,43.61
2329,45.17
2330,45.63
2331,45.18
2332,44.77
2333,45.52
2334,45.73
2335,45.78
2336,44.45
2337,44.66
2338,44.49
2339,43.98
2340,43.7
2341,44.52
2342,44.36
2343,44.34
2344,43.28
2345,42.56
2346,42.51
2347,42.04
2348,41.3
2349,41.66
2350,43.87
2351,44.09
2352,43.6
2353,43.84
2354,44.4
2355,44.95
2356,44.75
2357,44.36
2358,40.98
2359,42.79
2360,43.68
2361,43.48
2362,42.85
2363,43.38
2364,43.07
2365,42.94
2366,43.35
2367,43.15
2368,43.21
2369,42.88
2370,42.81
2371,42.01
2372,41.63
2373,42.06
2374,40.94
2375,40.52
2376,40.47
2377,40.64
2378,40.96
2379,40.91
2380,40.51
2381,40.73
2382,40.65
2383,40.94
2384,41.06
2385,40.06
2386,38.91
2387,39.29
2388,39.33
2389,39.38
2390,38.61
2391,38.23
2392,37.23
2393,37.61
2394,37.92
2395,38.76
2396,38.63
2397,38.38
2398,38.91
2399,39.68
2400,39.54
2401,39.73
2402,39.24
2403,39.21
2404,38.85
2405,37.84
2406,37.72
2407,37.67
2408,37.42
2409,36.67
2410,36.69
2411,37.12
2412,37.25
2413,36.46
2414,36.67
2415,37.15
2416,36.03
2417,34.49
2418,35.93
2419,36.24
2420,36.1
2421,35.69
2422,35.19
2423,34.1
2424,32.93
2425,31.31
2426,31.74
2427,32.52
2428,33.69
2429,33.14
2430,32.24
2431,31.6
2432,31.77
2433,32.54
2434,31.58
2435,30.9
2436,31.52
2437,31.15
2438,31.43
2439,30.32
2440,31.04
2441,31.4
2442,30.93
2443,30.74
2444,31.17
2445,30.4
2446,29.74
2447,29.34
2448,29.13
2449,27.6
2450,28.26
2451,28.91
2452,28.91
2453,30.71
2454,30.85
2455,30.96
2456,31.87
2457,32.37
2458,32.52
2459,32.86
2460,32.34
2461,32.09
2462,33.48
2463,33.37
2464,33.5
2465,32.83
2466,31.12
2467,31.67
2468,33.17
2469,33.4
2470,34.3
2471,35.18
2472,35.05
2473,35.62
2474,35.27
2475,34.72
2476,35.07
2477,35.12
2478,34.2
2479,33.68
2480,33.99
2481,33.38
2482,33.23
2483,32.19
2484,32.94
2485,32.86
2486,32.98
2487,32.62
2488,33.11
2489,33.36
2490,32.96
2491,33.16
2492,32.94
2493,33.81
2494,33.71
2495,35.65
2496,34.34
2497,34.91
2498,34.68
2499,34.85
2500,34.4
2501,34.63
2502,32.91
2503,32.59
2504,33.03
2505,33.78
2506,33.23
2507,32.95
2508,32.96
2509,34.19
2510,34.45
2511,34.11
2512,33.6
2513,34.04
2514,33.37
2515,33.26
2516,31.4
2517,32.2
2518,32.16
2519,30.16
2520,30.63
2521,30.17
2522,30.69
2523,29.44
2524,30.32
2525,29.14
2526,29.74
2527,28.78
2528,29.31
2529,29.75
2530,29.78
2531,29.98
2532,29.69
2533,28.75
2534,29.51
2535,29.57
2536,29.06
2537,27.68
2538,29.15
2539,27.97
2540,27.05
2541,26.82
2542,27.1
2543,26.76
2544,27.04
2545,29.28
2546,29.37
2547,29.42
2548,30.04
2549,31.17
2550,30.67
2551,30.95
2552,31.36
2553,31.37
2554,31.79
2555,32.8
2556,32.91
2557,32.88
2558,33.86
2559,33.96
2560,32.93
2561,33.51
2562,32.82
2563,33.81
2564,33.58
2565,33.26
2566,34.01
2567,34.28
2568,35.17
2569,35.47
2570,35.41
2571,34.8
2572,34.86
2573,35.23
2574,36.32
2575,36.56
2576,36.81
2577,36.48
2578,37.02
2579,36.41
2580,36.66
2581,36.17
2582,36.07
2583,36.48
2584,36.66
2585,37.31
2586,37.17
2587,36.51
2588,36.52
2589,36.33
2590,37.84
2591,37.67
2592,37.48
2593,37.23
2594,37.11
2595,36.95
2596,36.59
2597,36.6
2598,36.53
2599,36.01
2600,36.0
2601,36.94
2602,37.23
2603,37.18
2604,37.44
2605,37.37
2606,37.03
2607,36.48
2608,37.48
2609,37.27
2610,37.24
2611,37.02
2612,36.5
2613,36.66
2614,37.53
2615,35.59
2616,36.76
2617,37.82
2618,37.94
2619,36.65
2620,37.15
2621,36.6
2622,37.07
2623,36.73
2624,36.97
2625,37.35
2626,36.83
2627,36.47
2628,37.4
2629,37.32
2630,37.39
2631,36.94
2632,37.29
2633,37.4
2634,37.36
2635,37.78
2636,36.24
2637,35.22
2638,36.04
2639,36.86
2640,37.56
2641,37.99
2642,37.5
2643,37.51
2644,37.52
2645,37.74
2646,37.96
2647,37.89
2648,37.64
2649,37.96
2650,37.72
2651,37.95
2652,38.17
2653,38.9
2654,38.85
2655,39.38
2656,38.32
2657,38.76
2658,38.66
2659,38.52
2660,38.19
2661,38.8
2662,38.57
2663,38.39
2664,38.92
2665,38.99
2666,39.24
2667,39.24
2668,39.93
2669,41.27
2670,42.94
2671,42.67
2672,42.49
2673,42.7
2674,42.9
2675,43.02
2676,42.52
2677,42.6
2678,41.91
2679,42.03
2680,42.27
2681,42.26
2682,42.58
2683,42.75
2684,42.93
2685,43.28
2686,44.71
2687,44.35
2688,44.36
2689,42.92
2690,43.46
2691,43.04
2692,43.46
2693,43.99
2694,43.67
2695,43.19
2696,42.79
2697,44.14
2698,44.15
2699,42.8
2700,42.29
2701,43.37
2702,43.69
2703,42.57
2704,43.1
2705,43.13
2706,43.18
2707,43.71
2708,43.68
2709,43.22
2710,43.92
2711,42.68
2712,42.36
2713,41.62
2714,41.44
2715,41.79
2716,41.68
2717,42.73
2718,42.38
2719,42.17
2720,42.59
2721,42.55
2722,42.08
2723,41.87
2724,41.78
2725,41.55
2726,41.33
2727,40.68
2728,40.23
2729,40.28
2730,41.05
2731,41.16
2732,41.21
2733,40.16
2734,40.42
2735,39.3
2736,40.21
2737,40.98
2738,41.45
2739,41.19
2740,41.11
2741,41.01
2742,40.96
2743,40.87
2744,41.45
2745,41.6
2746,41.02
2747,39.63
2748,40.07
2749,40.2
2750,39.97
2751,40.52
2752,41.41
2753,41.76
2754,41.3
2755,41.47
2756,40.91
2757,38.41
2758,38.61
2759,38.42
2760,39.16
2761,39.15
2762,38.5
2763,38.66
2764,38.92
2765,38.73
2766,38.64
2767,38.67
2768,38.9
2769,40.06
2770,41.34
2771,41.23
2772,41.34
2773,42.3
2774,42.59
2775,42.11
2776,42.27
2777,41.99
2778,42.03
2779,42.09
2780,42.05
2781,42.4
2782,43.9
2783,44.94
2784,44.55
2785,44.42
2786,43.93
2787,44.07
2788,43.78
2789,43.69
2790,43.71
2791,44.42
2792,44.37
2793,45.07
2794,45.08
2795,45.03
2796,45.46
2797,45.02
2798,45.65
2799,45.16
2800,45.1
2801,45.5
2802,45.98
2803,45.41
2804,45.55
2805,45.71
2806,45.66
2807,46.24
2808,45.94
2809,45.91
2810,45.64
2811,45.73
2812,45.98
2813,45.94
2814,45.98
2815,46.57
2816,46.37
2817,46.29
2818,46.61
2819,46.59
2820,46.77
2821,45.77
2822,46.06
2823,46.6
2824,46.4
2825,46.4
2826,46.57
2827,46.78
2828,46.62
2829,46.41
2830,46.43
2831,46.23
2832,46.38
2833,46.28
2834,46.44
2835,47.21
2836,46.79
2837,46.83
2838,46.9
2839,47.39
2840,47.56
2841,47.0
2842,47.67
2843,47.52
2844,48.15
2845,48.4
2846,48.26
2847,48.36
2848,48.21
2849,48.61
2850,49.09
2851,48.54
2852,48.45
2853,48.49
2854,48.85
2855,49.49
2856,49.4
2857,49.69
2858,49.65
2859,49.86
2860,50.96
2861,49.65
2862,49.63
2863,50.18
2864,50.65
2865,50.31
2866,50.32
2867,50.6
2868,50.67
2869,50.56
2870,50.32
2871,50.65
2872,50.6
2873,50.6
2874,50.5
2875,50.55
2876,55.71
2877,54.02
2878,53.12
2879,52.0
2880,52.63
2881,52.58
2882,52.58
2883,54.46
2884,53.81
2885,55.09
2886,54.56
2887,54.73
2888,54.31
2889,53.64
2890,54.95
2891,54.3
2892,54.48
2893,54.45
2894,55.62
2895,54.53
2896,54.55
2897,54.8
2898,55.25
2899,56.34
2900,56.46
2901,57.23
2902,57.51
2903,58.48
2904,58.36
2905,58.45
2906,58.16
2907,58.15
2908,58.07
2909,58.9
2910,58.43
2911,59.2
2912,58.4
2913,58.5
2914,57.66
2915,58.15
2916,58.51
2917,60.03
2918,59.86
2919,59.77
2920,58.03
2921,57.92
2922,58.87
2923,59.99
2924,60.65
2925,62.2
2926,63.07
2927,63.6
2928,65.42
2929,65.82
2930,65.5
2931,64.51
2932,63.53
2933,63.17
2934,64.16
2935,64.08
2936,64.05
2937,63.86
2938,63.32
2939,64.02
2940,63.58
2941,65.14
2942,65.36
2943,66.52
2944,66.08
2945,66.41
2946,67.11
2947,67.43
2948,66.92
2949,66.59
2950,67.34
2951,64.96
2952,64.45
2953,65.8
2954,65.58
2955,66.24
2956,66.51
2957,67.81
2958,67.66
2959,67.72
2960,67.85
2961,68.74
2962,68.93
2963,69.22
2964,67.91
2965,67.52
2966,68.04
2967,66.78
2968,67.79
2969,67.45
2970,67.51
2971,66.51
2972,66.61
2973,65.4
2974,65.57
2975,67.52
2976,68.86
2977,70.12
2978,70.59
2979,70.51
2980,70.23
2981,71.71
2982,72.22
2983,71.16
2984,70.19
2985,70.55
2986,70.27
2987,69.52
2988,69.43
2989,70.75
2990,71.02
2991,71.95
2992,72.85
2993,72.6
2994,72.93
2995,72.07
2996,71.98
2997,70.36
2998,70.06
2999,70.1
3000,68.31
3001,68.13
3002,69.41
3003,70.22
3004,71.25
3005,71.53
3006,69.77
3007,71.24
3008,69.23
3009,70.29
3010,70.14
3011,70.21
3012,70.9
3013,71.59
3014,71.58
3015,69.86
3016,70.06
3017,69.82
3018,69.85
